partner_id,partner_name,partner_type,partner_since
1,Youspan,Supplier,6/29/2022
2,Mybuzz,Supplier,12/26/2002
3,Jabbersphere,Vendor,8/31/2022
4,Yacero,Supplier,12/24/2003
5,Oyondu,Client,3/15/2010
6,Tagopia,Client,12/16/2023
7,Thoughtsphere,Vendor,3/23/2001
8,Skyble,Vendor,9/3/2023
9,Tambee,Supplier,10/31/2019
10,Pixonyx,Supplier,12/21/2009
11,Feednation,Supplier,3/13/2019
12,Lazzy,Client,7/29/2004
13,Oyope,Vendor,12/21/2000
14,Trilia,Client,8/4/2009
15,Photojam,Supplier,10/21/2008
16,Photobug,Client,4/21/2015
17,Divanoodle,Vendor,12/19/2009
18,Fivebridge,Supplier,5/17/2007
19,Shuffletag,Client,1/28/2010
20,Gabspot,Supplier,10/20/2011
21,Fivebridge,Client,12/26/2021
22,Gigashots,Supplier,3/30/2014
23,Wordpedia,Supplier,7/28/2014
24,Oba,Supplier,6/21/2018
25,Avamba,Client,12/14/2019
26,Jabbersphere,Vendor,6/1/2005
27,Omba,Supplier,6/20/2004
28,Voolia,Supplier,10/14/2005
29,Skipfire,Client,3/3/2015
30,Mudo,Client,10/7/2016
31,Twitterbridge,Vendor,12/21/2000
32,Jabbersphere,Vendor,4/2/2011
33,Kare,Supplier,11/16/2000
34,Jazzy,Client,7/18/2016
35,Skaboo,Supplier,2/18/2009
36,Zoombeat,Client,7/18/2001
37,Jabbersphere,Vendor,1/4/2014
38,Dazzlesphere,Vendor,9/11/2000
39,Roodel,Supplier,7/24/2003
40,Babbleset,Vendor,4/18/2007
41,Ailane,Supplier,12/12/2011
42,Tagpad,Supplier,5/16/2019
43,Quamba,Client,10/11/2019
44,Skivee,Supplier,6/5/2010
45,Fadeo,Supplier,11/8/2013
46,Eabox,Vendor,2/14/2017
47,InnoZ,Supplier,9/25/2021
48,Yabox,Client,6/24/2011
49,Rhycero,Supplier,8/16/2008
50,Meevee,Supplier,8/25/2023
51,Agimba,Vendor,3/12/2000
52,Jatri,Vendor,8/28/2011
53,Skibox,Supplier,10/4/2013
54,Vimbo,Client,11/26/2010
55,DabZ,Client,4/12/2022
56,Dabtype,Client,10/13/2014
57,Buzzshare,Client,6/8/2006
58,Camimbo,Client,8/11/2019
59,Trilith,Vendor,9/28/2022
60,Jaxworks,Vendor,8/29/2012
61,Avaveo,Vendor,10/28/2000
62,Browsebug,Vendor,2/23/2016
63,Photolist,Supplier,11/15/2003
64,Youspan,Client,1/30/2016
65,Centidel,Vendor,8/21/2009
66,Feednation,Client,2/14/2009
67,Zoonoodle,Supplier,1/9/2019
68,Brainsphere,Supplier,10/4/2008
69,Devpoint,Vendor,2/24/2021
70,Thoughtmix,Supplier,7/19/2023
71,Youtags,Vendor,4/10/2008
72,Babbleopia,Vendor,4/27/2019
73,Dazzlesphere,Client,1/23/2018
74,Kanoodle,Supplier,7/15/2021
75,Zoomdog,Vendor,6/23/2023
76,Leexo,Vendor,7/4/2006
77,Kazio,Client,1/6/2023
78,Trudeo,Supplier,7/18/2022
79,Browseblab,Supplier,10/24/2017
80,Yacero,Supplier,3/12/2005
81,Skibox,Client,5/29/2010
82,Voolith,Vendor,5/11/2021
83,Feednation,Client,7/24/2014
84,Centizu,Vendor,7/17/2010
85,Twitterlist,Supplier,1/24/2023
86,Buzzdog,Supplier,10/26/2014
87,Tagopia,Vendor,8/4/2018
88,Edgeclub,Supplier,10/17/2021
89,Oodoo,Supplier,8/18/2011
90,Twitterlist,Vendor,4/16/2007
91,Skivee,Supplier,2/21/2017
92,Skipfire,Supplier,8/29/2021
93,Yata,Vendor,5/4/2018
94,Skipstorm,Supplier,9/8/2020
95,Skyvu,Supplier,3/7/2022
96,Rhyzio,Client,4/2/2016
97,Realbuzz,Vendor,1/5/2014
98,Eamia,Client,5/4/2012
99,Jaxworks,Vendor,9/15/2004
100,Camimbo,Vendor,6/22/2009
101,Oodoo,Client,10/8/2005
102,Avavee,Supplier,4/10/2022
103,Jayo,Vendor,6/4/2018
104,Edgewire,Supplier,8/30/2007
105,Photobug,Vendor,8/12/2009
106,Voonder,Supplier,12/30/2017
107,Jabbertype,Vendor,8/16/2000
108,Jaloo,Client,3/4/2018
109,Dazzlesphere,Client,12/13/2003
110,Twitterbeat,Supplier,12/4/2014
111,Photobug,Supplier,8/8/2007
112,Youtags,Supplier,7/9/2000
113,Meedoo,Vendor,3/4/2000
114,Zooxo,Supplier,11/26/2017
115,Tagfeed,Client,5/8/2010
116,Devify,Supplier,1/4/2002
117,Aibox,Supplier,7/21/2022
118,Zooxo,Vendor,4/22/2017
119,Gabvine,Supplier,3/12/2007
120,Vinder,Client,10/14/2020
121,Brainsphere,Client,2/19/2002
122,Rhyloo,Client,7/8/2010
123,Trunyx,Supplier,1/22/2011
124,Dabfeed,Vendor,4/27/2000
125,Devcast,Client,5/17/2021
126,Blogtags,Supplier,12/16/2018
127,Plajo,Supplier,6/4/2009
128,Jabbercube,Vendor,8/24/2003
129,Bubbletube,Vendor,11/12/2007
130,Realcube,Client,5/8/2021
131,Twinte,Vendor,7/6/2021
132,Wordware,Vendor,12/1/2009
133,Tanoodle,Client,12/6/2007
134,Divape,Client,3/24/2021
135,Katz,Supplier,4/19/2021
136,Flashspan,Supplier,12/3/2022
137,Topiclounge,Vendor,3/18/2004
138,Zoozzy,Supplier,12/7/2000
139,Browsecat,Supplier,4/8/2005
140,Zoonoodle,Supplier,9/22/2006
141,Photobean,Supplier,9/28/2010
142,Quimba,Vendor,7/6/2000
143,Realbridge,Client,9/3/2018
144,Brainverse,Vendor,5/23/2001
145,Topiczoom,Vendor,10/5/2011
146,Bluejam,Vendor,11/14/2009
147,Meedoo,Vendor,10/15/2012
148,Tagchat,Client,12/31/2018
149,Vinte,Supplier,8/8/2018
150,Gabtype,Supplier,3/14/2006
151,Blogspan,Supplier,4/24/2000
152,Vimbo,Supplier,3/10/2004
153,Avaveo,Supplier,11/11/2012
154,Thoughtblab,Vendor,2/1/2014
155,Rhybox,Vendor,10/21/2003
156,Babbleset,Vendor,11/29/2005
157,Yabox,Client,1/11/2000
158,Oodoo,Vendor,4/14/2003
159,Gabcube,Client,4/28/2004
160,Zoomdog,Vendor,11/18/2014
161,Twitterworks,Supplier,9/20/2004
162,Jamia,Vendor,11/23/2022
163,Zazio,Client,4/10/2020
164,Trunyx,Supplier,2/18/2020
165,Quimm,Client,1/21/2010
166,Ailane,Client,8/16/2011
167,Jabbercube,Supplier,9/22/2015
168,Oloo,Vendor,6/25/2009
169,Flashpoint,Supplier,3/12/2009
170,Dynava,Vendor,11/12/2012
171,Tagfeed,Supplier,1/5/2009
172,Babblestorm,Supplier,2/4/2017
173,Linklinks,Vendor,9/9/2022
174,Zoomzone,Supplier,1/13/2021
175,Gabtype,Vendor,10/25/2015
176,Jetpulse,Supplier,4/23/2020
177,Aivee,Client,11/17/2019
178,Avamm,Supplier,3/31/2021
179,Feednation,Client,4/10/2023
180,Trunyx,Vendor,6/18/2005
181,Riffpath,Supplier,7/20/2015
182,Voonix,Supplier,10/15/2016
183,Devshare,Client,5/6/2003
184,Riffpedia,Supplier,9/10/2015
185,Dabjam,Vendor,11/30/2015
186,Voomm,Vendor,12/17/2003
187,Tavu,Vendor,5/10/2004
188,Realblab,Client,1/29/2021
189,Demivee,Client,10/3/2023
190,Jabberstorm,Client,7/18/2018
191,Demivee,Vendor,5/30/2004
192,Geba,Vendor,9/2/2001
193,Voonte,Supplier,3/12/2011
194,Dynabox,Vendor,5/15/2010
195,Katz,Supplier,7/2/2016
196,Livepath,Supplier,7/20/2015
197,Skaboo,Client,6/15/2000
198,Twinder,Supplier,9/21/2016
199,Kimia,Supplier,4/9/2014
200,Skippad,Supplier,5/8/2008
201,Meetz,Client,8/6/2008
202,Quaxo,Supplier,8/7/2023
203,Feedmix,Vendor,10/4/2012
204,Yotz,Client,11/11/2004
205,Trudeo,Supplier,12/22/2011
206,Voomm,Supplier,5/17/2013
207,Twimbo,Client,1/30/2011
208,Dabjam,Client,7/3/2020
209,Jaxworks,Supplier,10/30/2020
210,Roombo,Supplier,12/11/2016
211,Camido,Supplier,1/11/2013
212,Gevee,Vendor,6/12/2022
213,Twimbo,Supplier,3/4/2012
214,Jabbertype,Client,9/11/2014
215,Skynoodle,Vendor,12/1/2008
216,Ozu,Client,2/10/2020
217,Brightbean,Vendor,8/6/2005
218,Gigabox,Vendor,8/13/2018
219,Lajo,Client,1/6/2000
220,Browsedrive,Supplier,5/21/2008
221,Vipe,Supplier,7/11/2006
222,Cogidoo,Vendor,2/3/2000
223,Leenti,Vendor,8/9/2017
224,Twitterwire,Vendor,9/22/2001
225,Realcube,Vendor,8/17/2017
226,Skyble,Vendor,5/17/2012
227,Gigazoom,Supplier,6/23/2023
228,Twinder,Vendor,6/27/2019
229,Voonder,Supplier,2/4/2015
230,Browsezoom,Supplier,9/5/2003
231,Abata,Supplier,3/28/2012
232,Kare,Client,9/25/2014
233,Mynte,Client,10/14/2014
234,Yozio,Vendor,11/8/2011
235,Skipstorm,Supplier,12/18/2014
236,Skippad,Vendor,7/22/2011
237,Shufflebeat,Vendor,10/3/2011
238,Aivee,Client,11/27/2013
239,Gabspot,Vendor,9/5/2014
240,Yodel,Supplier,3/24/2001
241,Jetpulse,Client,9/29/2006
242,Meejo,Supplier,10/10/2020
243,Lazzy,Client,7/27/2008
244,Meezzy,Supplier,7/13/2019
245,Izio,Client,11/3/2018
246,Topicware,Vendor,7/25/2022
247,Mydeo,Vendor,11/14/2003
248,Oloo,Client,11/2/2002
249,Jatri,Vendor,11/14/2018
250,Edgeify,Client,12/15/2023
251,Dynava,Supplier,3/4/2004
252,Skalith,Client,4/5/2007
253,Twitterwire,Supplier,10/11/2023
254,Brightdog,Vendor,12/7/2020
255,Linktype,Supplier,8/5/2005
256,Photobean,Vendor,8/2/2018
257,Skinder,Vendor,6/27/2005
258,LiveZ,Vendor,1/22/2022
259,Yodo,Supplier,11/22/2020
260,Flashspan,Client,1/10/2014
261,Leexo,Supplier,6/12/2011
262,Feedspan,Supplier,9/7/2011
263,Dabtype,Supplier,4/3/2017
264,Realfire,Supplier,5/30/2021
265,Mudo,Supplier,10/7/2012
266,Flipbug,Supplier,11/7/2006
267,Flashpoint,Supplier,3/28/2000
268,Feedmix,Supplier,2/19/2013
269,Voolia,Vendor,8/15/2017
270,Youbridge,Supplier,10/15/2022
271,Twitterbridge,Vendor,5/8/2022
272,Jayo,Vendor,6/12/2004
273,Jabbertype,Vendor,3/3/2004
274,Quimba,Client,2/25/2000
275,Quatz,Supplier,1/23/2017
276,Bubblemix,Client,6/12/2008
277,Trilia,Client,11/27/2019
278,Ailane,Supplier,5/30/2016
279,Zoomzone,Vendor,11/17/2020
280,Dabtype,Supplier,1/26/2016
281,Eimbee,Client,7/31/2008
282,Mybuzz,Client,12/17/2000
283,Youspan,Supplier,5/16/2018
284,Oyondu,Client,11/13/2010
285,Jabberstorm,Client,3/29/2017
286,Dabjam,Supplier,3/7/2001
287,Edgepulse,Vendor,7/11/2014
288,Bubblebox,Client,7/26/2017
289,Jabbercube,Supplier,11/6/2003
290,Gigashots,Client,4/30/2000
291,Divape,Vendor,10/5/2019
292,Fiveclub,Supplier,1/26/2016
293,Meeveo,Supplier,6/21/2010
294,Aimbo,Supplier,6/10/2022
295,Oodoo,Client,7/8/2003
296,Fiveclub,Client,9/7/2023
297,Kayveo,Vendor,10/31/2019
298,Yombu,Vendor,8/24/2002
299,Jabbertype,Supplier,7/1/2003
300,Riffwire,Supplier,8/26/2004
301,Photojam,Vendor,7/18/2013
302,Eamia,Client,5/16/2010
303,Yakitri,Client,1/18/2019
304,Roomm,Vendor,4/30/2019
305,Midel,Vendor,1/14/2023
306,Browsecat,Supplier,9/9/2015
307,Quire,Vendor,2/24/2019
308,Kimia,Vendor,11/1/2007
309,Feedfish,Vendor,1/26/2010
310,Gabtype,Vendor,12/27/2019
311,Innotype,Client,6/21/2019
312,Edgewire,Vendor,12/28/2010
313,Podcat,Supplier,5/22/2000
314,Mycat,Client,3/18/2014
315,Fatz,Supplier,4/19/2003
316,Skalith,Client,1/18/2013
317,Realbridge,Client,4/27/2006
318,Ntags,Vendor,6/27/2019
319,Kwideo,Vendor,2/13/2003
320,Oloo,Vendor,11/4/2000
321,Rhybox,Client,9/19/2012
322,Aivee,Supplier,12/17/2022
323,Photofeed,Supplier,11/26/2004
324,Flipbug,Supplier,1/21/2018
325,Yabox,Client,1/6/2010
326,Devshare,Supplier,6/11/2003
327,Buzzshare,Supplier,2/18/2012
328,Dynazzy,Supplier,7/13/2006
329,Meetz,Supplier,6/18/2022
330,Trudoo,Vendor,6/27/2007
331,Buzzshare,Supplier,6/20/2005
332,Shuffletag,Client,11/11/2013
333,Eadel,Client,2/12/2005
334,Jayo,Supplier,10/26/2018
335,Skippad,Client,1/3/2019
336,Avamm,Vendor,1/23/2007
337,Oyoloo,Client,12/21/2021
338,Babbleopia,Client,12/6/2013
339,Meejo,Client,2/6/2007
340,Meejo,Vendor,12/29/2006
341,Realblab,Supplier,8/22/2022
342,Tekfly,Client,2/15/2009
343,Roombo,Supplier,10/22/2016
344,Fivespan,Client,9/14/2022
345,Oozz,Vendor,3/9/2017
346,Zava,Vendor,2/27/2019
347,Flashpoint,Supplier,6/23/2001
348,Minyx,Supplier,6/5/2022
349,Kwideo,Client,5/20/2011
350,Feedfish,Client,7/30/2018
351,Flipopia,Supplier,7/31/2018
352,Kanoodle,Vendor,11/3/2021
353,Omba,Supplier,12/8/2020
354,Browsezoom,Vendor,10/20/2000
355,Cogibox,Client,2/24/2011
356,Chatterbridge,Supplier,6/16/2021
357,Dabtype,Supplier,6/29/2007
358,Feedbug,Client,11/10/2016
359,Camimbo,Supplier,7/26/2001
360,Twinte,Supplier,10/19/2017
361,Voolith,Client,2/20/2006
362,Tagfeed,Client,2/25/2004
363,Topicshots,Supplier,1/4/2001
364,Yambee,Client,3/16/2012
365,Flipstorm,Client,1/20/2013
366,Innojam,Client,10/1/2021
367,Livetube,Vendor,9/21/2000
368,Blogtag,Vendor,8/25/2023
369,Tazzy,Client,8/24/2005
370,Jabberstorm,Supplier,7/16/2009
371,Layo,Vendor,6/11/2003
372,Dynabox,Supplier,7/5/2000
373,Edgetag,Client,9/27/2022
374,Mydeo,Client,5/21/2021
375,Tagpad,Vendor,10/11/2018
376,Skyvu,Vendor,11/27/2015
377,Babbleopia,Vendor,8/1/2015
378,Brainverse,Client,4/11/2021
379,Yotz,Client,11/9/2009
380,Snaptags,Vendor,11/9/2008
381,Skyble,Supplier,1/25/2022
382,Roomm,Client,9/4/2020
383,Reallinks,Supplier,5/12/2009
384,Yodo,Client,8/25/2017
385,Oloo,Client,1/22/2015
386,Blogtag,Client,9/22/2003
387,Cogilith,Supplier,7/25/2015
388,Fanoodle,Client,7/9/2012
389,Rhyloo,Vendor,1/11/2011
390,Janyx,Vendor,7/28/2004
391,Twitterwire,Supplier,10/9/2002
392,Eare,Client,7/16/2018
393,Brightbean,Supplier,3/22/2014
394,Devshare,Vendor,11/28/2019
395,Abatz,Supplier,6/20/2013
396,Jaxspan,Vendor,5/31/2021
397,Riffwire,Client,6/16/2010
398,Teklist,Vendor,11/1/2002
399,Meevee,Client,6/14/2006
400,Voonyx,Client,10/31/2019
401,Eamia,Client,2/20/2013
402,Oyoba,Supplier,5/30/2014
403,Tazzy,Client,12/20/2022
404,Demimbu,Supplier,11/18/2013
405,Eidel,Vendor,5/8/2000
406,Oyoloo,Vendor,12/3/2023
407,Eabox,Supplier,7/7/2017
408,Meevee,Supplier,11/27/2009
409,Thoughtbridge,Vendor,4/5/2023
410,Jetwire,Client,10/8/2000
411,Babbleopia,Vendor,8/15/2008
412,Thoughtstorm,Vendor,8/27/2018
413,Feednation,Supplier,9/19/2002
414,Youfeed,Vendor,1/6/2023
415,Babblestorm,Client,9/2/2017
416,Skidoo,Vendor,10/21/2020
417,Yamia,Client,12/3/2007
418,Flipbug,Client,7/12/2001
419,Blogpad,Vendor,9/29/2002
420,Voomm,Vendor,9/27/2019
421,Roomm,Client,3/17/2018
422,Zoonder,Client,11/14/2001
423,Photobug,Supplier,5/30/2007
424,Miboo,Supplier,4/22/2000
425,Realcube,Vendor,4/6/2017
426,Tagcat,Vendor,5/6/2023
427,Topicshots,Vendor,5/18/2013
428,Twitterwire,Supplier,10/13/2019
429,Einti,Client,2/5/2023
430,Voolia,Vendor,12/9/2010
431,Meembee,Supplier,12/13/2007
432,Edgewire,Client,1/9/2010
433,Brainlounge,Client,3/10/2007
434,Viva,Vendor,10/8/2019
435,Fivespan,Client,1/8/2015
436,Skivee,Supplier,12/17/2010
437,Eidel,Supplier,8/7/2006
438,Flipopia,Supplier,1/11/2022
439,Gabspot,Vendor,8/23/2021
440,Voolia,Supplier,1/5/2006
441,Nlounge,Supplier,1/1/2018
442,Leenti,Vendor,10/19/2001
443,Linktype,Supplier,6/15/2005
444,Feedfish,Client,6/26/2002
445,Ooba,Vendor,2/21/2021
446,Voolia,Client,8/24/2003
447,Eire,Supplier,11/27/2010
448,Skyba,Client,1/27/2005
449,Devify,Vendor,5/17/2003
450,Linktype,Supplier,10/31/2005
451,Riffpath,Supplier,3/23/2016
452,Jamia,Client,10/27/2001
453,Browsecat,Vendor,10/21/2018
454,Aimbu,Supplier,7/1/2015
455,Quaxo,Client,5/29/2020
456,Snaptags,Supplier,8/25/2020
457,Skiba,Vendor,3/28/2012
458,Thoughtblab,Vendor,7/15/2003
459,Bluejam,Client,4/24/2018
460,Cogidoo,Vendor,3/8/2014
461,Youspan,Vendor,8/7/2011
462,Fivebridge,Vendor,3/22/2014
463,Photobug,Supplier,8/29/2012
464,Quatz,Client,8/15/2005
465,Devpoint,Supplier,11/4/2014
466,Flashspan,Vendor,12/2/2006
467,Twitterworks,Supplier,8/9/2019
468,Aimbu,Client,12/24/2012
469,Einti,Client,8/11/2011
470,Kamba,Vendor,11/7/2020
471,Zoomdog,Client,9/10/2000
472,Linktype,Supplier,10/5/2018
473,Avaveo,Client,1/9/2022
474,Yambee,Supplier,6/9/2021
475,Eabox,Supplier,7/8/2022
476,Divape,Vendor,7/18/2012
477,Realcube,Vendor,8/15/2005
478,Meevee,Client,8/7/2018
479,Twinder,Supplier,2/9/2002
480,Topiczoom,Client,12/1/2005
481,Twitterworks,Client,8/10/2015
482,Eazzy,Vendor,4/6/2017
483,Thoughtstorm,Client,8/30/2014
484,Katz,Vendor,8/24/2012
485,Skinix,Client,6/13/2011
486,Aimbo,Client,2/26/2000
487,Avavee,Vendor,5/7/2016
488,Devcast,Client,8/20/2011
489,Kazio,Vendor,9/12/2019
490,Jaxworks,Vendor,1/26/2004
491,Jabbersphere,Supplier,8/16/2016
492,Meevee,Client,12/15/2016
493,Oyondu,Supplier,8/9/2002
494,Blogtags,Supplier,5/13/2004
495,Edgetag,Vendor,4/10/2013
496,Skynoodle,Client,7/23/2011
497,Skyble,Vendor,5/3/2009
498,Topicblab,Client,3/9/2003
499,Voonyx,Supplier,3/1/2015
500,Bluejam,Supplier,11/18/2001
501,Meevee,Supplier,6/20/2002
502,Blogspan,Vendor,12/6/2013
503,Ntags,Supplier,1/22/2003
504,Shuffletag,Client,1/30/2012
505,Twimbo,Supplier,9/9/2005
506,Bubbletube,Vendor,8/8/2018
507,Meejo,Supplier,10/10/2020
508,Rhybox,Vendor,8/9/2011
509,Flashset,Supplier,3/11/2005
510,Eidel,Supplier,3/23/2001
511,Skilith,Vendor,4/23/2001
512,Tekfly,Vendor,1/27/2003
513,Topiclounge,Supplier,1/23/2019
514,Pixoboo,Supplier,7/25/2008
515,Twitterbridge,Vendor,7/31/2011
516,Jabbertype,Client,12/15/2019
517,Thoughtworks,Client,7/14/2016
518,Tagcat,Client,12/22/2009
519,Eadel,Vendor,1/28/2021
520,Twitterbridge,Vendor,3/2/2020
521,Abata,Vendor,7/31/2015
522,Tagfeed,Vendor,11/2/2023
523,Yozio,Client,6/20/2020
524,Tagcat,Client,10/1/2007
525,Bluezoom,Vendor,2/8/2008
526,Flashset,Vendor,12/29/2021
527,Zooveo,Supplier,7/6/2020
528,Katz,Vendor,11/24/2006
529,Aivee,Client,8/3/2015
530,Linkbuzz,Vendor,8/9/2007
531,Tazzy,Supplier,11/9/2013
532,Voonder,Vendor,10/7/2004
533,Eabox,Supplier,3/30/2016
534,Agivu,Client,5/20/2017
535,Rhycero,Vendor,12/26/2011
536,Babbleopia,Client,1/13/2018
537,Feedmix,Supplier,12/6/2001
538,Zoombeat,Supplier,1/18/2000
539,Tazzy,Vendor,9/8/2011
540,Yakijo,Client,1/8/2002
541,Dynabox,Vendor,7/25/2020
542,Feedspan,Client,8/20/2002
543,Topicblab,Vendor,1/22/2018
544,Mudo,Vendor,11/19/2002
545,Kazu,Vendor,1/20/2019
546,Voolith,Client,9/6/2007
547,Rhynoodle,Vendor,3/9/2008
548,Tagopia,Client,4/19/2018
549,Mynte,Vendor,7/28/2010
550,Linkbridge,Vendor,12/31/2014
551,Blogspan,Supplier,4/21/2019
552,Gevee,Vendor,2/15/2015
553,Wikizz,Client,3/10/2001
554,Jaxspan,Client,10/7/2003
555,Latz,Supplier,2/1/2008
556,Meezzy,Client,2/3/2019
557,Realcube,Supplier,11/18/2007
558,Fivechat,Vendor,2/26/2001
559,Babbleset,Client,4/4/2007
560,Aivee,Supplier,11/12/2019
561,Centimia,Client,3/18/2005
562,Oyope,Vendor,9/18/2018
563,Tagcat,Supplier,2/22/2018
564,Demivee,Supplier,1/15/2004
565,Yozio,Supplier,7/9/2018
566,Riffpath,Client,12/29/2009
567,Cogidoo,Client,11/11/2005
568,Tazz,Vendor,6/8/2017
569,Yotz,Vendor,8/2/2001
570,Rhycero,Vendor,2/25/2007
571,Jaxspan,Client,12/3/2016
572,Devbug,Vendor,7/22/2012
573,Yabox,Supplier,11/15/2003
574,Oba,Client,3/24/2005
575,Buzzbean,Supplier,10/1/2009
576,Divape,Supplier,1/24/2014
577,Fliptune,Vendor,4/3/2019
578,Fadeo,Supplier,8/12/2021
579,Tagpad,Vendor,8/12/2022
580,Quinu,Client,4/30/2004
581,Zoonoodle,Client,10/10/2018
582,Skyba,Supplier,1/9/2014
583,Talane,Vendor,8/5/2009
584,Rhycero,Client,9/7/2002
585,Yakitri,Vendor,4/13/2000
586,Meevee,Vendor,6/10/2023
587,Gabcube,Supplier,4/7/2015
588,Skyble,Client,7/28/2000
589,Ozu,Vendor,8/30/2011
590,Buzzbean,Client,9/8/2007
591,Vinder,Supplier,8/16/2004
592,Jetwire,Client,4/18/2010
593,Realfire,Vendor,12/8/2008
594,Kwideo,Supplier,1/21/2005
595,Aivee,Client,10/5/2019
596,Kamba,Supplier,1/11/2020
597,Leenti,Client,11/12/2014
598,Camido,Client,7/12/2015
599,Trilith,Supplier,9/14/2012
600,Wordpedia,Client,9/26/2001
601,Tazz,Supplier,5/22/2005
602,Zoomzone,Vendor,2/14/2018
603,Realpoint,Client,5/22/2017
604,Zoonder,Client,10/1/2016
605,Livepath,Client,6/20/2015
606,Kazio,Supplier,2/20/2016
607,Photobug,Supplier,6/14/2004
608,Demimbu,Client,4/24/2006
609,Twinte,Vendor,1/25/2008
610,Ntag,Client,12/3/2019
611,Tagpad,Vendor,12/10/2009
612,Cogibox,Supplier,12/16/2002
613,LiveZ,Client,2/6/2011
614,Rhyloo,Client,6/17/2002
615,Riffwire,Supplier,9/1/2013
616,Shufflebeat,Supplier,3/31/2020
617,Avamba,Supplier,6/13/2006
618,Avaveo,Supplier,1/13/2009
619,Topdrive,Vendor,6/30/2023
620,Gabtune,Supplier,8/11/2002
621,Mymm,Supplier,11/12/2016
622,Yakidoo,Vendor,2/28/2002
623,Layo,Supplier,7/26/2005
624,Tavu,Supplier,8/3/2004
625,Skyble,Client,1/31/2002
626,Wikivu,Supplier,1/28/2016
627,Dynabox,Vendor,10/19/2020
628,Feedspan,Supplier,4/13/2006
629,Twitterbeat,Vendor,3/9/2019
630,Avavee,Client,1/25/2021
631,DabZ,Client,4/10/2023
632,Mydeo,Supplier,4/16/2002
633,Voonix,Supplier,3/27/2019
634,Zoomlounge,Supplier,8/15/2012
635,Twimbo,Client,5/17/2012
636,Lajo,Supplier,8/29/2001
637,Mydo,Client,2/23/2019
638,Shufflester,Client,5/22/2023
639,Dynabox,Vendor,10/16/2006
640,Quire,Supplier,5/12/2019
641,Quatz,Vendor,8/27/2017
642,Yakidoo,Vendor,9/12/2013
643,Yakijo,Client,1/19/2006
644,Aibox,Supplier,4/29/2003
645,Yakitri,Vendor,7/26/2018
646,Centidel,Vendor,8/27/2009
647,Skyba,Client,1/23/2020
648,Mydeo,Vendor,11/1/2007
649,Demimbu,Supplier,11/7/2020
650,Kare,Client,11/23/2011
651,Tazz,Supplier,8/27/2011
652,Wikizz,Vendor,4/19/2023
653,Jabbercube,Vendor,8/11/2006
654,Kayveo,Vendor,7/23/2023
655,Zava,Client,5/29/2021
656,Skippad,Vendor,2/6/2021
657,Skilith,Vendor,8/6/2018
658,Dazzlesphere,Supplier,7/20/2012
659,Jabberbean,Vendor,6/22/2007
660,Eazzy,Vendor,1/24/2015
661,Skivee,Supplier,12/13/2011
662,Wordware,Vendor,3/1/2018
663,Bubblemix,Supplier,7/10/2010
664,Skipstorm,Supplier,11/28/2020
665,Blogpad,Supplier,3/6/2007
666,Aivee,Client,7/23/2005
667,Trudeo,Vendor,10/12/2020
668,Edgeblab,Supplier,7/15/2007
669,Eidel,Vendor,7/6/2017
670,Skivee,Supplier,4/6/2007
671,Shuffletag,Supplier,3/3/2002
672,Gigaclub,Vendor,11/23/2021
673,Topiczoom,Vendor,9/15/2019
674,Vitz,Supplier,10/21/2007
675,Bluezoom,Vendor,5/28/2003
676,Bubblemix,Vendor,9/12/2005
677,Tagchat,Supplier,1/13/2005
678,Browsezoom,Client,2/10/2012
679,Blogspan,Supplier,6/29/2003
680,Feedfire,Vendor,7/10/2000
681,Layo,Supplier,6/30/2014
682,Vinte,Supplier,9/10/2008
683,Brightdog,Supplier,5/23/2007
684,Topdrive,Vendor,10/16/2007
685,Pixonyx,Client,4/8/2010
686,Skidoo,Vendor,1/19/2020
687,LiveZ,Supplier,12/27/2002
688,Thoughtstorm,Supplier,7/19/2011
689,Zoozzy,Client,1/11/2007
690,Realfire,Vendor,12/6/2018
691,Quamba,Client,1/15/2011
692,Eabox,Supplier,6/18/2017
693,Meevee,Supplier,8/7/2002
694,LiveZ,Vendor,3/5/2021
695,Jatri,Supplier,12/9/2017
696,Quatz,Client,1/2/2008
697,Camimbo,Vendor,10/29/2021
698,Realfire,Supplier,3/31/2007
699,Yacero,Vendor,11/5/2015
700,Eazzy,Supplier,8/29/2022
701,Tagcat,Supplier,1/17/2005
702,Oyope,Vendor,7/3/2017
703,Dynazzy,Supplier,7/31/2019
704,Edgeclub,Client,1/9/2018
705,Photolist,Vendor,1/20/2001
706,Realcube,Client,4/14/2023
707,Ntags,Vendor,7/17/2019
708,Buzzster,Vendor,11/17/2001
709,Jabberbean,Vendor,2/28/2000
710,Eadel,Vendor,8/22/2012
711,Thoughtblab,Supplier,2/5/2005
712,Quire,Client,8/27/2009
713,Devcast,Vendor,8/11/2008
714,Feedspan,Client,7/10/2011
715,Twimm,Client,4/28/2016
716,Nlounge,Supplier,5/21/2003
717,Geba,Vendor,4/3/2002
718,Jabberstorm,Client,5/2/2014
719,Voonte,Vendor,9/14/2005
720,Oyoba,Client,4/20/2018
721,Vidoo,Vendor,11/24/2015
722,Thoughtbridge,Client,9/11/2016
723,Livepath,Supplier,11/22/2012
724,Topdrive,Vendor,10/13/2008
725,Cogilith,Vendor,9/6/2001
726,Wordtune,Vendor,7/5/2019
727,Youspan,Vendor,8/18/2014
728,Roomm,Vendor,7/16/2021
729,Jayo,Vendor,1/22/2012
730,Reallinks,Client,1/13/2012
731,Twitterwire,Vendor,5/22/2020
732,Meevee,Client,8/1/2012
733,Linktype,Vendor,2/19/2002
734,Edgewire,Supplier,2/19/2006
735,Flipopia,Supplier,3/16/2001
736,Eamia,Client,3/22/2001
737,Fivebridge,Supplier,5/19/2022
738,Riffpath,Vendor,10/27/2004
739,Gigazoom,Supplier,10/22/2021
740,Shufflebeat,Client,9/18/2016
741,Kayveo,Supplier,12/15/2022
742,Shuffledrive,Client,1/12/2010
743,Podcat,Vendor,11/2/2001
744,Thoughtstorm,Client,12/6/2020
745,Gigashots,Vendor,5/5/2023
746,Twitternation,Vendor,1/6/2022
747,Riffpedia,Vendor,3/8/2017
748,Jabbertype,Supplier,11/29/2011
749,Trunyx,Supplier,10/13/2008
750,Zoonoodle,Vendor,1/7/2000
751,Trunyx,Supplier,3/29/2006
752,Devpoint,Vendor,5/6/2007
753,Quimm,Vendor,12/15/2013
754,Babbleopia,Client,5/20/2005
755,Wikido,Vendor,3/5/2002
756,Tagfeed,Client,9/27/2014
757,Wikivu,Client,11/18/2009
758,Mymm,Supplier,4/26/2009
759,JumpXS,Vendor,10/14/2018
760,Zoombox,Vendor,4/21/2003
761,Eimbee,Client,5/18/2008
762,Devpoint,Vendor,11/25/2001
763,Thoughtstorm,Supplier,2/18/2010
764,Yozio,Client,10/27/2008
765,Voonyx,Vendor,9/27/2018
766,Twimbo,Client,12/19/2003
767,Aivee,Vendor,8/2/2005
768,Rhyzio,Client,7/19/2002
769,Eire,Supplier,12/29/2021
770,Zoomlounge,Vendor,2/28/2008
771,LiveZ,Client,12/31/2005
772,Meevee,Supplier,1/26/2023
773,Linkbridge,Supplier,4/28/2004
774,Buzzdog,Vendor,4/26/2017
775,Topicshots,Vendor,9/13/2000
776,Abatz,Vendor,4/4/2006
777,Youbridge,Client,10/3/2014
778,Topicshots,Client,10/26/2000
779,Midel,Vendor,1/2/2008
780,Twimbo,Client,3/18/2006
781,Cogilith,Supplier,10/15/2016
782,Centidel,Supplier,10/26/2023
783,Livefish,Client,2/3/2014
784,Agivu,Vendor,9/30/2004
785,Thoughtsphere,Client,11/24/2013
786,Oodoo,Vendor,10/4/2007
787,Topiclounge,Vendor,4/19/2014
788,Livefish,Vendor,5/12/2000
789,Edgetag,Supplier,4/28/2016
790,Youopia,Vendor,5/11/2021
791,Quatz,Client,2/13/2008
792,Wordpedia,Vendor,4/28/2002
793,Kwilith,Vendor,10/25/2017
794,Trudeo,Vendor,1/4/2005
795,Plambee,Supplier,4/12/2013
796,Rhynoodle,Vendor,10/14/2002
797,Muxo,Client,1/20/2023
798,Fanoodle,Vendor,1/20/2015
799,Yambee,Supplier,12/30/2006
800,Latz,Vendor,2/7/2020
801,Trupe,Client,12/15/2012
802,LiveZ,Client,8/13/2000
803,Devpulse,Vendor,10/6/2021
804,JumpXS,Client,12/17/2011
805,Meetz,Client,3/4/2009
806,Photojam,Supplier,1/8/2018
807,Izio,Vendor,11/9/2017
808,Vitz,Vendor,10/28/2013
809,Photobean,Supplier,6/20/2005
810,Photojam,Client,10/5/2012
811,Jaxnation,Supplier,6/14/2012
812,Rhyzio,Vendor,8/14/2019
813,Voonder,Vendor,7/11/2017
814,Topiclounge,Client,4/24/2004
815,Browsetype,Supplier,2/2/2017
816,Photolist,Supplier,10/3/2004
817,Twiyo,Supplier,2/21/2003
818,Avamba,Vendor,2/19/2013
819,Feedfire,Client,4/22/2008
820,Latz,Client,5/3/2016
821,Zoozzy,Supplier,1/20/2000
822,Ozu,Vendor,7/13/2002
823,Lazz,Vendor,6/1/2018
824,Fiveclub,Vendor,7/22/2010
825,Kanoodle,Vendor,6/5/2021
826,Livefish,Supplier,10/9/2001
827,Fivechat,Supplier,3/14/2013
828,Yadel,Vendor,9/3/2010
829,Livetube,Client,1/4/2022
830,Browsetype,Client,4/18/2017
831,Skaboo,Vendor,5/25/2009
832,Cogibox,Client,2/5/2022
833,Jayo,Vendor,6/9/2012
834,Voolia,Client,3/4/2021
835,Riffwire,Client,7/21/2018
836,Thoughtsphere,Client,3/1/2006
837,Thoughtbridge,Client,7/1/2015
838,Rhynyx,Client,12/8/2022
839,Babbleblab,Supplier,7/8/2005
840,Layo,Client,5/29/2022
841,Livetube,Client,3/16/2006
842,Flipstorm,Vendor,6/8/2005
843,Latz,Client,8/5/2011
844,Youbridge,Vendor,1/9/2007
845,Minyx,Vendor,12/16/2023
846,Centizu,Client,9/7/2013
847,Tagtune,Vendor,9/7/2022
848,Demizz,Vendor,6/25/2002
849,Skilith,Client,5/2/2006
850,Ainyx,Client,6/18/2008
851,Fliptune,Vendor,12/16/2000
852,Aibox,Supplier,5/7/2006
853,Feedbug,Client,3/17/2020
854,Digitube,Supplier,7/7/2011
855,Skalith,Supplier,7/29/2016
856,Yoveo,Supplier,5/4/2011
857,Zoozzy,Supplier,8/11/2010
858,Innotype,Client,12/2/2012
859,Feedfire,Client,9/7/2013
860,Yodel,Client,10/13/2014
861,Photofeed,Supplier,11/28/2006
862,Twitterlist,Supplier,12/14/2003
863,Realpoint,Client,4/25/2007
864,Oba,Supplier,9/10/2002
865,Demimbu,Client,5/3/2023
866,Pixonyx,Vendor,10/25/2009
867,Chatterbridge,Supplier,3/19/2019
868,Brainsphere,Client,5/26/2018
869,Quatz,Vendor,8/25/2006
870,Voomm,Client,1/31/2008
871,Oyonder,Vendor,11/12/2017
872,Demimbu,Client,7/6/2005
873,Fatz,Vendor,12/14/2007
874,Buzzdog,Supplier,1/1/2019
875,Divanoodle,Supplier,8/1/2017
876,Quamba,Vendor,10/5/2016
877,Jaxbean,Vendor,4/3/2018
878,Meeveo,Vendor,3/31/2002
879,Rhynyx,Supplier,4/30/2016
880,Meemm,Client,10/7/2015
881,Dazzlesphere,Client,4/15/2005
882,Agimba,Client,8/6/2016
883,Eadel,Client,5/5/2023
884,Zazio,Client,6/29/2007
885,Yodo,Vendor,3/6/2004
886,Vitz,Client,11/30/2015
887,Wikizz,Client,1/7/2005
888,Skyba,Vendor,8/11/2001
889,Centizu,Vendor,8/6/2008
890,Skinix,Supplier,8/16/2009
891,Demizz,Supplier,8/26/2004
892,Viva,Client,2/16/2000
893,Abatz,Supplier,7/29/2008
894,Dabshots,Vendor,9/12/2023
895,Thoughtsphere,Vendor,6/10/2008
896,Chatterpoint,Supplier,4/2/2009
897,Realbridge,Client,12/19/2009
898,Feedfire,Client,5/25/2017
899,Geba,Vendor,11/17/2021
900,Vitz,Vendor,1/29/2022
901,Jabbertype,Vendor,1/18/2011
902,Mybuzz,Vendor,9/8/2022
903,Tagfeed,Vendor,10/8/2003
904,Skinte,Supplier,7/9/2013
905,Wikido,Vendor,12/6/2001
906,Ailane,Vendor,1/7/2001
907,Browsebug,Supplier,9/18/2020
908,Photobean,Client,7/3/2002
909,Dazzlesphere,Vendor,11/9/2014
910,Devpulse,Client,1/13/2002
911,Voomm,Supplier,4/11/2002
912,Babbleset,Client,1/1/2020
913,Yakitri,Vendor,6/6/2001
914,Yodo,Client,11/7/2012
915,Ozu,Vendor,2/20/2016
916,Divape,Supplier,8/14/2012
917,Browsebug,Client,7/27/2015
918,Oodoo,Supplier,10/1/2016
919,Jabberstorm,Supplier,11/26/2022
920,Jayo,Vendor,12/28/2019
921,Tagopia,Vendor,12/16/2012
922,Blognation,Vendor,10/10/2000
923,Devbug,Supplier,12/18/2005
924,Devshare,Client,4/5/2008
925,Quimba,Supplier,7/13/2013
926,Mydo,Client,9/16/2021
927,Katz,Supplier,11/28/2009
928,Topicware,Client,4/18/2000
929,Devshare,Supplier,10/5/2006
930,Brainsphere,Supplier,6/18/2022
931,Twitterlist,Client,9/5/2003
932,Gabtune,Supplier,9/2/2012
933,Yodoo,Vendor,2/11/2023
934,Shufflester,Client,12/1/2000
935,Pixonyx,Supplier,12/23/2010
936,Topicstorm,Client,7/25/2000
937,Dynava,Vendor,4/3/2001
938,Topdrive,Client,7/25/2011
939,Oozz,Client,7/17/2008
940,Topicware,Vendor,1/29/2003
941,Gabspot,Supplier,11/17/2009
942,Ntag,Client,10/9/2008
943,Gigazoom,Supplier,10/9/2014
944,Kamba,Supplier,4/4/2016
945,Quatz,Vendor,4/11/2014
946,Blogspan,Supplier,10/24/2001
947,Edgeclub,Client,1/23/2017
948,DabZ,Vendor,8/5/2010
949,Eazzy,Client,8/1/2002
950,Gabspot,Vendor,8/20/2022
951,Roombo,Supplier,4/23/2020
952,Skipstorm,Client,12/15/2014
953,Topicstorm,Client,10/7/2005
954,Dabvine,Supplier,6/25/2009
955,Vimbo,Client,3/2/2014
956,Miboo,Supplier,4/3/2017
957,Skyvu,Vendor,1/18/2014
958,Divavu,Supplier,1/31/2022
959,Realbuzz,Vendor,1/28/2007
960,Meevee,Client,4/24/2005
961,Layo,Client,9/12/2022
962,Zoozzy,Client,12/1/2007
963,Realcube,Vendor,1/9/2016
964,Dabjam,Client,12/31/2003
965,Layo,Supplier,8/8/2014
966,Browseblab,Supplier,7/7/2007
967,Devshare,Vendor,1/19/2017
968,Skippad,Vendor,11/2/2004
969,Tagcat,Vendor,9/9/2012
970,Jabberbean,Vendor,2/26/2010
971,Yacero,Supplier,8/21/2006
972,Gabvine,Vendor,2/26/2016
973,Skiptube,Vendor,3/25/2006
974,Flashdog,Client,1/11/2009
975,Skinix,Vendor,2/25/2017
976,Gigashots,Client,1/4/2005
977,Zoomlounge,Vendor,3/8/2015
978,Tagpad,Vendor,5/23/2014
979,Yoveo,Client,10/12/2020
980,JumpXS,Client,5/7/2023
981,Divanoodle,Client,7/22/2005
982,Tagchat,Vendor,6/18/2003
983,Wordify,Vendor,8/20/2023
984,Jabbercube,Client,12/1/2005
985,Devbug,Client,3/19/2009
986,Mydeo,Vendor,6/11/2016
987,InnoZ,Client,5/31/2001
988,Camido,Vendor,3/15/2018
989,Buzzshare,Supplier,10/9/2013
990,Twimm,Vendor,3/15/2007
991,Vinte,Client,1/14/2006
992,Edgeify,Client,9/22/2011
993,Realbridge,Supplier,5/24/2010
994,Blognation,Vendor,1/26/2021
995,Skilith,Supplier,12/29/2000
996,Gevee,Client,2/13/2005
997,Oozz,Client,1/20/2011
998,Babblestorm,Vendor,11/17/2003
999,Kaymbo,Supplier,4/11/2004
1000,Kwilith,Vendor,6/14/2019
